Metric,Naive RAG,Enhanced RAG,Improvement
faithfulness,0.6428571428571429,1.0,0.3571428571428571
answer_relevancy,0.6733610128631623,0.7371499472160586,0.06378893435289634
context_precision,0.7096774192838708,0.8571428570571427,0.1474654377732718
context_recall,0.5357142857142857,0.6818181818181818,0.14610389610389607
