Metric,Naive RAG,Enhanced RAG,Improvement
faithfulness,0.693181818,0.775,0.081818182
answer_relevancy,0.727968707,0.719250719,-0.008717987
context_precision,0.729166667,0.909090909,0.179924242
context_recall,0.617021277,0.666666667,0.04964539
